<assembly xmlns="http://maven.apache.org/plugins/maven-assembly-plugin/assembly/1.1.2" xmlns:xsi="http://www.w3.org/2001/XMLSchema-instance" xsi:schemaLocation="http://maven.apache.org/plugins/maven-assembly-plugin/assembly/1.1.2 http://maven.apache.org/xsd/assembly-1.1.2.xsd">
    <id>executable</id>
    <formats>
        <format>jar</format>
    </formats>
    <includeBaseDirectory>false</includeBaseDirectory>
    <dependencySets>
        <dependencySet>
            <!-- décompresse les dépendances avant de les inclure dans le jar exécutable -->
            <unpack>true</unpack>
            <scope>runtime</scope>
            <useProjectArtifact>false</useProjectArtifact>
        </dependencySet>
    </dependencySets>
    <fileSets>
        <fileSet>
            <directory>${project.build.outputDirectory}</directory>
            <outputDirectory></outputDirectory>
        </fileSet>
    </fileSets>
</assembly>