<assembly
        xmlns="http://maven.apache.org/plugins/maven-assembly-plugin/assembly/1.1.2"
        xmlns:xsi="http://www.w3.org/2001/XMLSchema-instance"
        xsi:schemaLocation="http://maven.apache.org/plugins/maven-assembly-plugin/assembly/1.1.2 http://maven.apache.org/xsd/assembly-1.1.2.xsd">
    <id>zip</id>
    <formats>
        <format>zip</format>
    </formats>
    <includeBaseDirectory>false</includeBaseDirectory>
    <fileSets>
        <fileSet>
            <directory>target</directory>
            <includes>
                <include>*-executable.jar</include>
            </includes>
            <outputDirectory>/</outputDirectory>
        </fileSet>
        <fileSet>
            <directory>src/main/script</directory>
            <filtered>true</filtered>
            <includes>
                <include>lanceur.bat</include>
            </includes>
            <outputDirectory>/</outputDirectory>
        </fileSet>
    </fileSets>
</assembly>